{"u1SoXj-5Fda8Hubc4xNbWVHMH0sYN0GTYelbbNK1nHo": 1776639482.5609825, "dPgBQhedBiCmUQsB3EU1bAgPeQmQriIkLHphvPwYxJQ": 1776641758.7380354}