{"dPgBQhedBiCmUQsB3EU1bAgPeQmQriIkLHphvPwYxJQ": 1776641758.7380354, "hqTrHyuWCzYfMv706RFFKP29BIEU5t8QrV3skpDUbMw": 1776645426.6569297}